VideoTitle,VideoHref,ChannelName,ChannelHref,Links
What is cancer? What causes cancer and how is it treated,https://www.youtube.com/watch?v=SGaQ0WwZ_0I,Cancer Treatment Centers of America - CTCA,https://www.youtube.com/channel/UCkNrj1l4JLvLX7M42fJoLGw,"{'cancercenter.com': 'https://www.youtube.com/redirect?event=channel_description&redir_token=QUFFLUhqbVUyWmQxc1ZXaHJUaVlXcjZRYUpXRDE0M250UXxBQ3Jtc0tuOXEyLWVJeWt3bjhlUzRmLWxIQ2hYS0V3QWpyRFN5VFpmLW9WenRhQk5hWFJDSkNrZGpZT2dqLXdTLVN0VWFsVWZ1M3F0VnNFeTFjVE5iU21SazY4SS1vazFnXzMtaWhUeDhEWkZURDBGSGtGSlpoYw&q=https%3A%2F%2Fwww.cancercenter.com', 'The CTCA blog': 'https://www.youtube.com/redirect?event=channel_description&redir_token=QUFFLUhqbW9wVi13UEtxQzJsaXR0NTg3OFpmRG9wV0RTQXxBQ3Jtc0tsc1lJLUtiaE1BTXRuYWlWSDIyQ1N0MzQxbkh3cDRpeDNtYk5ZOWxZY3NCNEdNUGdsWjZjWEtLZUxHVW5ZbUE1RjZSYkxwMUszdGJ3a09XMnFxZnZiQVJfNDdpTXk2SGJkaVltUUVCRUh6VktQWkdvbw&q=https%3A%2F%2Fwww.cancercenter.com%2Fcommunity%2Fblog', 'Facebook': 'https://www.youtube.com/redirect?event=channel_description&redir_token=QUFFLUhqbkc4UzBvY2VCSU9ERTJvT3FobWFiWGlOLWxvZ3xBQ3Jtc0tuNldTM2cxSGM4d0RCSzhSRDkzb0VOUDZFcnBrSmktbjUtOFE5QVBGZ0R3UVJMcndxbWIxR2ZFTm83ZkRra1pJQnUwMk9LcVp4SHh1a2lQX3lDV0V1djZzWkxybUZhdVItTnR1VHdaNURJeTF1Nk80TQ&q=https%3A%2F%2Fwww.facebook.com%2Fcancercenter', 'Twitter': 'https://www.youtube.com/redirect?event=channel_description&redir_token=QUFFLUhqbmZXcXQ3aGZySWJrZWlVMmI2WFNLbXFaVXZvUXxBQ3Jtc0tsQmpBZy1FcmFDOE5sM2p3Z3dfV3BXczJiQzdudjY0LXRQRG42b1dPd014S2pkNzNvS2NNcFlNTWxPM0xMOEFTV3RpRzVRcUtNWUVySk1aN0doRkw1T1hQbE5CTUZxbVN0cHlfVm1hZWxROE9GcUNvQQ&q=https%3A%2F%2Ftwitter.com%2FCancerCenter', 'Pinterest': 'https://www.youtube.com/redirect?event=channel_description&redir_token=QUFFLUhqbTRGM3MtdThFZ0g0bmdxUTFlWHlQQWlvMWNBQXxBQ3Jtc0tuanp3eFRKUldLRVBWc29qZWduUU1WWjU0RzVGa2dzVkU1NERVQkVsSUlWdS1JN2UxOFREcTNMbldvUWNLODF4RUFDNHNjeFVsREoxOFA0NzlFNGVjOEhXUDNsamFFSi00VWpxaWpneW1mcThNc3VnWQ&q=http%3A%2F%2Fwww.pinterest.com%2Fcancercenter', 'Cancer treatment options': 'https://www.youtube.com/redirect?event=channel_description&redir_token=QUFFLUhqbm1EVDRuQzRoeE93MHRqbThLMElXS2pkWTBid3xBQ3Jtc0ttNndfNFJEZHZsNDNtWUU1N3BuNkM1VUpDU08tMW44VG5hSHQ5NDNEM0F3S1ZFbVQ1Z1lRbmdoZDJIMjdlcllVQnJnYTR3REVfVEg1WHNOZl9QRVE5M29wNG9lWXZlTnBLb3VLd0VNalZmVDRtMFBGQQ&q=https%3A%2F%2Fwww.cancercenter.com%2Ftreatment-options', 'Precision cancer treatment': 'https://www.youtube.com/redirect?event=channel_description&redir_token=QUFFLUhqa25ZeEE0blVLbUE3V01GQ3JJMnNQV2YtMGYzZ3xBQ3Jtc0traXdIVHdyUk8zbFJPQ0lrZXdadGFfNFdEd0dSNkJCa014aWZFVklRUVZTVE1mMUhPaUR5SkRQZEtISko0RGtPVTgzWjJpRTgydDZBRUFXelpXOXJ2QjVxSjVKRTdyYnQ1MG92ZzZ0UnNiRHNVZGYyTQ&q=https%3A%2F%2Fwww.cancercenter.com%2Ftreatment-options%2Fprecision-medicine', 'What is immunotherapy?': 'https://www.youtube.com/redirect?event=channel_description&redir_token=QUFFLUhqbVBiVllQRHdscV9nY0JzOF9USVFUV0FWVlVtZ3xBQ3Jtc0tsRXh3cTdXeVNXZ0J1bW1NVWlXU3dTY0IweThrMFUtV1NfRTA1QkstZXZ3REJ6WUNZSl9IeHFTcjVWOTBpYTI3LTlWSEhMVjVrZ19lTV95SHhGQmVTZzQ1QzVGOXZGN0llN1pZbTNNMHczSEVqYmYtWQ&q=https%3A%2F%2Fwww.cancercenter.com%2Ftreatment-options%2Fprecision-medicine%2Fimmunotherapy', 'Get a second opinion': 'https://www.youtube.com/redirect?event=channel_description&redir_token=QUFFLUhqbWQ5elhrOVNxNGt0dlJlcHlZLTA2RURMVldUQXxBQ3Jtc0tuM2VYX0RIdDFnWVBZRDE0TmVKeGpFQ21Vb25pQzdjcnIzV3NIRDBnRTlBYTZSbFlUM0JoNUhZaTJhemsxclJNWm9nZkdqWDkxendmNkVGS1FQLVU0VlVBMGw5SkZWb3RzZEVaVFppNzNUUlVmT1NjNA&q=https%3A%2F%2Fwww.cancercenter.com%2Fbecome-a-patient%2Fsecond-opinions', 'Integrative cancer care': 'https://www.youtube.com/redirect?event=channel_description&redir_token=QUFFLUhqbldub052VEJnSy1LNDdPN2NQemRsa0U4a0xGQXxBQ3Jtc0treXZuOUoxWTRVNDdsNWpiTkstbGlXYlgzUEZNN0JvUTdqaTU2WFd5c0N6Ykw2VmlMYm43UGtjc2FPNWNzT2szbkdtVEMzVXVSLTBxV2VjMVM1XzlWcWlDNEpBR0N6eTAzVDFDSmxkUmkzMGtfZEdIcw&q=https%3A%2F%2Fwww.cancercenter.com%2Fintegrative-care', 'Instagram': 'https://www.youtube.com/redirect?event=channel_description&redir_token=QUFFLUhqblZlVE5IckhXNzZxaFhMa2E5LTZibjBTUS1ld3xBQ3Jtc0trcXBPcTFydFV5TkpmZnI5aWtISllaU204elZUaE8tTlRxdUhMU1ZPc1EwOEoyYk5OV3N1T2hOb1gzOGRFcjVXck1IZDVZSjVXNmFsdjZMWTVxaVVxaURoYkxtTWtLS3dXZUhYSUpOczZSX055Y09iZw&q=https%3A%2F%2Fwww.instagram.com%2Fcancercenter'}"
Cancer Treatment: Chemotherapy,https://www.youtube.com/watch?v=vKIRWY-LMYc,Nucleus Medical Media,https://www.youtube.com/channel/UC85VW73bQLEjs_taFKP7TwQ,"{'Nucleus Medical Media': 'https://www.youtube.com/redirect?event=channel_description&redir_token=QUFFLUhqbmR3RC16c2twOWdnNkVRQ1BjSDJaN2IteU1VQXxBQ3Jtc0tuN2tobDJLQjlNY0pjVlJKdFkxemI4NFBXbmVHZkF3cGNEREtSdmozTzZzdzhrVmFzUWxUWERadmcyb0U3U1hzaDdqMEVrY3JNQVU2VjNnclFSbzlJX215bHVUSHRybjhBNl9LOE01SVBzMHJkQ3JzQQ&q=http%3A%2F%2Fwww.nucleusmedicalmedia.com%2F%3Futm_source%3Dyoutube%26utm_medium%3Dchannel-description%26utm_campaign%3Dyt-about', 'Facebook': 'https://www.youtube.com/redirect?event=channel_description&redir_token=QUFFLUhqbEE2RlAzLTU4ZWlLTDdabXpKdXdQVDRjdVB2QXxBQ3Jtc0ttZUE1OE1acGd6MGZOa25zSGxfWWpUZXhqTVI0ZGk5YmVnUFZKRUtQUlpvTFVGY0c0TjI2SjYtbVZqQno0VkFPSnUzd2Z0enJwZUhzV09Gd0pMVFllOFB5MmFSUHdhSVY1bDBNSFBnS2EwYzhuS0hwcw&q=https%3A%2F%2Fwww.facebook.com%2FNucleusMedicalMedia', 'Nucleus Blog': 'https://www.youtube.com/redirect?event=channel_description&redir_token=QUFFLUhqbjBqUlFDSGNwSi1Nclp2T2huWE9TbHVWY2p6Z3xBQ3Jtc0trck1hMnl4UWh6U2Jya1dpVXlFUWxxeXB2T2xzZzZlVmRoSWlWOS1RMjBOd3cxWmNydjdWZTd2QTNmdXRxbzNtOUFKZWlTQ3VDX1pkeWFTOFUxdUMzemFvQWpicDYweFIxZUFsckxtRjNCV0swaFFWMA&q=http%3A%2F%2Fblog.nucleushealth.com%2F', 'Twitter': 'https://www.youtube.com/redirect?event=channel_description&redir_token=QUFFLUhqa1pDa3g3bTljV2hUYWZzWDRUYTNld1RLazZnUXxBQ3Jtc0ttTVhFZ0lheWVKRHdmMGt6bE1mOHFXZXpNWlhuZTU3N3hfbENIbWpDVkE4Tzc4eG5hTC1fcnd4dGFncGRBWk9aMG9XbkFRYS00N2thbi05V180UktfVll6M2pUUFY3NV90TmY1d05jdGk5YXVhem5obw&q=https%3A%2F%2Ftwitter.com%2FNucleusMedArt', 'Nucleus Health': 'https://www.youtube.com/redirect?event=channel_description&redir_token=QUFFLUhqbG1yWHhmbDJPczN2Z2RBOHRoalpEVXNDV2FDQXxBQ3Jtc0ttTG84T1pGUjF0UWhZLUxzMHRlcEEzLVZtaHZtU2szTjRXcmxzb0NWcHpJcDhXSDFaTU55MHZXSDM3YVRaNjVHdE1pY1h4UF9rb19TM2RZRXJKVzdmb0VSMTZtVUVnZXBBSEItMkQ0Nkp4ekJSMDRONA&q=http%3A%2F%2Fwww.nucleushealth.com%2F%3Futm_source%3Dyoutube%26utm_medium%3Dchannel-description%26utm_campaign%3Dyt-about'}"
Cancer-Fighting Foods,https://www.youtube.com/watch?v=i8wgBppJK9s,Mayo Clinic,https://www.youtube.com/channel/UC8fQzKHIhSoZeSq3bwQx4mw,"{'Homepage': 'https://www.youtube.com/redirect?event=channel_description&redir_token=QUFFLUhqbW9oZXA0LXVOYmt5VncxRmRRd1ZJbnpNUFB4Z3xBQ3Jtc0tuVVExc29BWTFkdHBKOXVuMk5EN2ZRUnEtejh0bmFrZk5SU0dvMVY4OG85cDBUU0M3UHY5bU9aTG5mMjRXSTNXTE1URDJfbUJqVFVnNmdaTmJ1RE9CcFZaUWk0cDR1Zl9PbnJIQ29HVnY4dU1aOXFFZw&q=http%3A%2F%2Fwww.mayoclinic.org%3Fmc_id%3Dus%26utm_source%3Dyoutube%26utm_medium%3Dsm%26utm_content%3Dvideo%26utm_campaign%3Dmayoclinic%26geo%3Dnational%26placementsite%3Denterprise%26cauid%3D100504', 'Facebook': 'https://www.youtube.com/redirect?event=channel_description&redir_token=QUFFLUhqblFMUHg2dGtLVlpiR1h0Nm9INWt4UDF4Z0lhUXxBQ3Jtc0tuWnN5dko4ZG1GSkl2MFVadzVfUGpvTDE3QUE5aDI1cE03TGI5bmtYbklvbXV6TU9hbXA3VU43aU1kNzBib1dNc2hWV0VWQ1BqZjMxN0xzWnZ1RkpGUkhIWkJndWNMZkZJWG1NMnZGOEE2T2o0R0Nadw&q=http%3A%2F%2Ffacebook.com%2FMayoClinic', 'Twitter': 'https://www.youtube.com/redirect?event=channel_description&redir_token=QUFFLUhqa3A0T2k0MXFZajQ5amE4dXNrOHZ2cklLQlU4Z3xBQ3Jtc0trNnJjdkFiNjYwZVFERkx6d3U5Y2xJX2cybkZBQ0RmclRCZ0JLQmREbWtWWlRBUmFQbXVWVV9TWHBWUUdyWDZaSXlhX2N0dTVVVWJ6a2FQRzA0enBsSUtaYnl5RlZhVHk0UlNJaVlnd3FvcHByOWxxaw&q=http%3A%2F%2Ftwitter.com%2FMayoClinic', 'Pinterest': 'https://www.youtube.com/redirect?event=channel_description&redir_token=QUFFLUhqa2lhVlZUYVBva0tIUGxwS0g5NzQwMm16cExFQXxBQ3Jtc0tuRWlMV1ZGRmUwU1ZvM1JFTVpuR21TaE90RkRvWkRjZzdHVnNUeXY1NjNKRVNwRnJsU0dLcEpUbjNVS2ZrWTR1M0pYeXZpd0FzU1luU2ZzTDYtX3VONEYybjdLdm1Iczc5V0ZXZWhGTDI5Zmd3djY2dw&q=http%3A%2F%2Fpinterest.com%2FMayoClinic', 'Mayo Clinic Connect': 'https://www.youtube.com/redirect?event=channel_description&redir_token=QUFFLUhqazFpY2dRVEtRN3gwd0xRNVdVWU02N1JzS2l0Z3xBQ3Jtc0tsTjVzVUR4bFY0RG56OFhxN05LdjkyY1liVEY0VlNhYno4TXU1TkF6VUpJa2VUVU9TeGd4dnhpbnhHU3JIZmE4bFR4TkxCODhEaklxWW1BVHVsR1FoZks0ckNNcDExRzFpU3ZHSVh0aWRDa2Z2M3VMTQ&q=http%3A%2F%2Fconnect.mayoclinic.org%2F'}"
How Do Doctors Diagnose and Treat Breast Cancer?,https://www.youtube.com/watch?v=XNZtk1J7mQU,Columbia University Department of Surgery,https://www.youtube.com/channel/UCvrrpNGZ_WUWW4-jtXtbUCA,"{'Request a Referral': 'https://www.youtube.com/redirect?event=channel_description&redir_token=QUFFLUhqbjBLcWRvMXhYNHFIUVlNclNtS0RyamxzLXhCUXxBQ3Jtc0tsajdibVpkbW5fd3RHempwWGtGMUhvc2ZIQ1JFeV9IbFN3MmplMWdXYkRVQVE4NDdoWTk4clhzWDJiekxqa3E3ZXFNSFlpZWxDZV9TQmNwcDE0SG13czBoRkNEM2w4M0NxRDBYRmNWM2dCeGd3U1VDQQ&q=http%3A%2F%2Fwww.columbiasurgery.org%2Fcontact%2Fpat_ref.html', 'Columbia Surgery Website': 'https://www.youtube.com/redirect?event=channel_description&redir_token=QUFFLUhqbWRLNHBhcF9OejhxZEMxSTdhbjZTbkZiSF9ld3xBQ3Jtc0tseWlhM3ZmTVptbkVEZWVyXzZvczlpUm1BUkVDQndsLTB4MHpiYmtYakdLbWhUaF9CSDlfYXVEaUxQR0tmS3B1cnRuWW1meGUzZ3pUZkxlbnNTNWxzWUVteWZBaG5iNDdIU1p0TVY1RmN4OGM1QVJyWQ&q=https%3A%2F%2Fcolumbiasurgery.org%2F', 'Facebook': 'https://www.youtube.com/redirect?event=channel_description&redir_token=QUFFLUhqa1cyZnM2aVZsZ0NqNDVJUUdEUnpMYThFQ2Vhd3xBQ3Jtc0tsd0FvR1d6bWNpMHJjaEFXaVI2elJvTDNGSmJxeG8tb0JGRG1XQ2FyZ0RUZ01mZlB2SU1RNXBNTFhTZ0dYdEp3YVZOckt1dHdhZnhBX2RJZHc1b0VZWmcwZEVTTlEwQW5OczNuOUZiM21CYzBkVTdCdw&q=https%3A%2F%2Fwww.facebook.com%2Fcolumbiasurgery', 'Twitter': 'https://www.youtube.com/redirect?event=channel_description&redir_token=QUFFLUhqbGxjbWlsdl9rdWJnd0Y1QllCX0hwZUJQaThxQXxBQ3Jtc0tuLUZpc1dtbXk4Z2Joa2tPeTdMTURsZVJrUVA0QTduanlMSkdqLXZneEVDYWMtQnRNTUkyYXE3anJGczhJWHpHUklZZDRKTHpGSjhINDI2aFJiODRtWWQyUEpDQlRwZUtFYmh6MlpjbDdHOVZmbjl4UQ&q=https%3A%2F%2Ftwitter.com%2FColumbiaSurgery'}"
How does cancer spread through the body? - Ivan Seah Yu Jun,https://www.youtube.com/watch?v=OcigJn8UJNQ,TED-Ed,https://www.youtube.com/channel/UCsooa4yRKGN_zEE8iknghZA,"{'ed.ted.com': 'https://www.youtube.com/redirect?event=channel_description&redir_token=QUFFLUhqbUNRd0k0VC1zOWJsd05na1d5T1VKX3RweDY4UXxBQ3Jtc0tuU1dJdWl2UkJSQ2ctQ1FfYXhmUUtteHVzQzJTZC1RYXRTdVZvTy1wZzZJVEh5STNBVUZIUXJVbXc0RkpiZ3hGaXAzVmxuTUotanRpeWxIdmlRb1N5V2I1Vk9oTVJiNHBacDFzM09UUmhMMzZiU1BPMA&q=http%3A%2F%2Fed.ted.com', 'Twitter': 'https://www.youtube.com/redirect?event=channel_description&redir_token=QUFFLUhqbUZPZTVQU1I4bFRFUjJoZWkzcTI2MDlZa2xjd3xBQ3Jtc0ttVVJsd3VvcXJUSHRaS0xVWlIwcG0zcGp2RDlDS2FFSDdCSVNfX19ZeTdDbFZLYkI1RTBrZktuNWpJS2VJMWlNVk4wS0NiY3RMTnYwZTV4Q0g1dHY2Zy1wLTYzeEVjeHpWbzJOeWpaVHRkcmk0NFhHWQ&q=http%3A%2F%2Fwww.twitter.com%2FTED_Ed', 'Instagram': 'https://www.youtube.com/redirect?event=channel_description&redir_token=QUFFLUhqa1llRWZfQmFUOTFPbERMVUFTVzdKQU50b3ZKUXxBQ3Jtc0tuNVdrMnA5TVBjZWpTS2dqdFI4VlhKcFdDQ2VMUUJlQmE3YjRDU2l0RURNLWhqcXdZQ3RSd3kyS2tXSzFPTlVGaGxQUGlWcTdDRVZUU3NBYnZzUkJsblVuTDdCcWhxeWJGNGtiVHhtUVoxd01CYVNIYw&q=https%3A%2F%2Fwww.instagram.com%2Ftededanimation%2F', 'Facebook': 'https://www.youtube.com/redirect?event=channel_description&redir_token=QUFFLUhqbFB0aW5tUk1FRkVFTFRsb05aZUhMWlEyaVBld3xBQ3Jtc0tuOGEtZmlaZTh6Nk5rbkM4Ulc0OTIxN0RzT1VwZXZYY3U2RC1aY1VhYk9YT3dIeFNjNTk0NE1zbnJ6c3V2R1Y0VFgzel9hczQ1d1pSUktBb3pYbVhMenJ6LXZ4a1dhMnFXZ2hHNnZlOUlKb3p5UWV4QQ&q=http%3A%2F%2Fwww.facebook.com%2FTEDEducation', 'Recommend an Animator': 'https://www.youtube.com/redirect?event=channel_description&redir_token=QUFFLUhqbW45MHRxdmh2a2lqbUVJVkR3dUNyLUxrUEJjQXxBQ3Jtc0tuUHROQ193a3lEcmRqdzY0LS1VVmpMNTlSYWdhdVpUeDg2V2o3RnZyLWt5LW1Qc3JQZ0RpY0xOb2NpQUNDbGZiNk16aVZvQlJpZ0dsbGI1MUZHNm9RU0ZCUDRySVkxbExtS1FoUnZIZ25MeExxX09CRQ&q=http%3A%2F%2Fed.ted.com%2Fget_involved%23%2Frecommend_an_animator', 'Nominate an Educator': 'https://www.youtube.com/redirect?event=channel_description&redir_token=QUFFLUhqa3U1TUFrcWp5MkhJQVNSNjhDLWZpRnVES1Fnd3xBQ3Jtc0ttcEFMekZFeTZ0VE15WXAtOTV2REZFNnFYMTI4bnBBRUJJU0Fla21id0RhSUQweEh6UWJCanVkc3pyQ2ZHTy05NW52Z0x5UWk0TVN4clBKSVhVRndjUmRHMUFIOGZWRG1GM0M0cEUxdlhfQjFMQ28wSQ&q=http%3A%2F%2Fed.ted.com%2Fget_involved%23%2Fnominate_an_educator', 'TED Media Request': 'https://www.youtube.com/redirect?event=channel_description&redir_token=QUFFLUhqbUdHN3ZqQ1ZlMDZJMmJZSGttN0F1Qm5vaF95QXxBQ3Jtc0tucEd6eGNOUlhURDkyMklNMG5QQ0R1eEcxS3lkMncwdElBeU1CQ3JSSGU0QXM5SzlsSVE1TElzdnMwTEp1bW5KQWRPbXRlWU53cW9BelhjZ3o0ZGxpM0RBVUNmSUlaR2pBam1fWTFmTUVzeXNMM2I5dw&q=https%3A%2F%2Fmedia-requests.ted.com%2F'}"
How Cancer Develops & Mutation,https://www.youtube.com/watch?v=8BJ8_5Gyhg8,Cancer Research UK,https://www.youtube.com/channel/UC01cT8kXmbVH6-mzwaa2qIQ,"{'Website': 'https://www.youtube.com/redirect?event=channel_description&redir_token=QUFFLUhqbmduNFFPMExDYVZNT19OSHRBdHhpcnU1YmtJZ3xBQ3Jtc0ttNjVuRFp1ODBZWldzNmZXMGs0bUhoUHNyeWlyMEYwekxSU2ZiWlVVVGtodklhck1fRDRtaFJyVjJYUkNxUXh5T2RMVkZoeHVNbzdNMmhlWTlLV3Foc203NGNFeVJIX0VuMFV5eEVYbjhkejNuOTBzdw&q=http%3A%2F%2Fwww.cancerresearchuk.org%2F', 'Facebook': 'https://www.youtube.com/redirect?event=channel_description&redir_token=QUFFLUhqbExJbVl2djJpUkJDTG9PMUVYM0poMnU0OFRNd3xBQ3Jtc0trbnZZLW5kNWdnakhXc2ZPM1B2UmVaTjFQSlhfY2lNZWNnU3JaWDJYTlVQbG41QlBwb1h0dDNXa0tSbG04dDdEamZ2cWNmM2c4Q19veEkzczNjVU9KMXhESEJjZnNUZVgyZGxpcEtoQXJSekstcW5RMA&q=https%3A%2F%2Fwww.facebook.com%2Fcancerresearchuk%2F', 'Twitter': 'https://www.youtube.com/redirect?event=channel_description&redir_token=QUFFLUhqbldiaVJhZHRNSDJmaW9yeksyMFhkZGl0X19pUXxBQ3Jtc0trallEMklxWGNNb1NwWmhMbUVRTVl1MHdzWWJvTW1WUTdGMklIODZYVWV6OTJzdTlhTnF2RF84dXJ5MFRNQUdZc19fWHpXT0FrOEhWSHdyRHE2ei15dTJyWGJZT0lKZkllU1NOVWh6VG5aQjB0V2x5WQ&q=http%3A%2F%2Ftwitter.com%2Fcr_uk', 'Instagram': 'https://www.youtube.com/redirect?event=channel_description&redir_token=QUFFLUhqbnBBME5BVUZ5ek05RnhqenZPc2xLaFBoaXBqUXxBQ3Jtc0tteEdkUE9YTkg2UmQ4RGk2TzJYRi1qWVkzYW5xdDNsc3J1M0ktcFdUdEFOWWNWZ1YxNW01WVc1RUNKVDJmM24wVFpYZy1vYkJub0lPYmctMHpGVHhHQm9wRjZRYkFyNXA4VnEwVGhfQU9wRXk4eTI0QQ&q=http%3A%2F%2Finstagram.com%2Fcr_uk'}"
How do cancer cells behave differently from healthy ones? - George Zaidan,https://www.youtube.com/watch?v=BmFEoCFDi-w,TED-Ed,https://www.youtube.com/channel/UCsooa4yRKGN_zEE8iknghZA,"{'ed.ted.com': 'https://www.youtube.com/redirect?event=channel_description&redir_token=QUFFLUhqbWZKNnFuRTZHOFJmUElXLUxjOVlfTWxWTnRIQXxBQ3Jtc0trdXlPYXN3VndlenBGVVNOU2ZCM2lQUG1RNl9pb040cUlJMVZNN1hOSlVBblcwaWJJbHdHNTU5b0N0VFRVMlZhdVJyZnBRVWhzVk5IVUdsMUc0M1pnRUJGbDkzNFF0VDZPUjgyeDV2bU5XZjF5TlVJUQ&q=http%3A%2F%2Fed.ted.com', 'Twitter': 'https://www.youtube.com/redirect?event=channel_description&redir_token=QUFFLUhqbVhqUGIzSHJXRWlqc3Y2WDYySnhWUVI0dXBuUXxBQ3Jtc0trb0tobWxhOG1wNjhXQ3Nqd1UxQ2k3SkhsQjZPUTVmV3NEdUc2NXZUakJWZDVFdHljZ3MtQkxDbVhBeUZjVmJyTnRlX2NIdDBiU0NRdzJGT0RkVzlPY21ndm84ejliM3kzNnRQTEF5WER3T2Y4OGUtcw&q=http%3A%2F%2Fwww.twitter.com%2FTED_Ed', 'Instagram': 'https://www.youtube.com/redirect?event=channel_description&redir_token=QUFFLUhqbGRFczFoN28wdEhITmxjeHZoVmVnVU9sOUg5d3xBQ3Jtc0trcmdBQmozWXVDNWFIVWgtbGJQRk9tZ0NIYzZSRG9YbE0xbWx0RzNxcXBwQ3E1UzhnYU4zb1BycmFwRXRMSExHYzBLXzJpWjJ4ZUFhRDROTXhORGtVUVAxWFZGU2lmbkt4MzFaeW5PdGMzUElwU0RzQQ&q=https%3A%2F%2Fwww.instagram.com%2Ftededanimation%2F', 'Facebook': 'https://www.youtube.com/redirect?event=channel_description&redir_token=QUFFLUhqbHBkN0FIMG5INy1HQVZCSG1sMmpRdnBoQktPZ3xBQ3Jtc0tuWWp3MHJDUzBMZlRQQjQxdk9RRTVLNi1XV0FhTXEtWEo4R2M5YmJaUzlMY0g0MExhazJlSkJibC1VblVGLTRyNHJKVDVrY1hpVmRnNTFSVjA1ZVM1TDZjNFhnTUNEbzNxTkExX0VvWHRqQlh3ZXM5Yw&q=http%3A%2F%2Fwww.facebook.com%2FTEDEducation', 'Recommend an Animator': 'https://www.youtube.com/redirect?event=channel_description&redir_token=QUFFLUhqa2ozUzV2YWJBcmFWV0JEdmJUaGkyRWJhVDVaZ3xBQ3Jtc0trQ1REUVdYYlFteFdlTTJQeVRXVnRIc0tfbzlHOTdtQ2JDUXRVSW84MjdPdWZJTUkxSTFMYmFzamNMXzN1NWRwSFhaYWtYazFvaWNEQTJxTDZZY3FVNEM3WlVkSWxZVl91U2RVR3FWNVhIU1h5TEg4MA&q=http%3A%2F%2Fed.ted.com%2Fget_involved%23%2Frecommend_an_animator', 'Nominate an Educator': 'https://www.youtube.com/redirect?event=channel_description&redir_token=QUFFLUhqbnBzN2JpRk5tVzhLbDRlWUVvcE9McUFfOFpEZ3xBQ3Jtc0tuV0ROay1Bd3BrYlYtY3h0ZFFJb3dMb2RTMGtlWUpqWVJPYzFmMExZZm1rbnoxakxNZ3BJRU1CLS1rTTdtenFjVU8yOW1FNDZQejVmNWVCOGVBNlhva3REMVRDZ2ZJalJIMVdIQm9KLWVwcUl3YXhCOA&q=http%3A%2F%2Fed.ted.com%2Fget_involved%23%2Fnominate_an_educator', 'TED Media Request': 'https://www.youtube.com/redirect?event=channel_description&redir_token=QUFFLUhqbUlWSmtYOUs1YWVmZFpVQkJoWWxYZDBOSkhpQXxBQ3Jtc0tudmdJd2tVLWpaSnRDM0RSa1RxcXZSbXI3Q21yeHBGOE4zWkRJZWJCWnNKakxfSXRhLTdhNXdZZ2FiWEZnRU1QbF9WZ01QU1FyVVhReVlBNDBYUUZTSGRhTDVBQko5WXdUNGhqQ1dkcHlaMkRnTUZ6cw&q=https%3A%2F%2Fmedia-requests.ted.com%2F'}"
Throat Cancer - Know Your Throat | Cancer Research UK,https://www.youtube.com/watch?v=__j44f4cgoU,Cancer Research UK,https://www.youtube.com/channel/UC01cT8kXmbVH6-mzwaa2qIQ,"{'Website': 'https://www.youtube.com/redirect?event=channel_description&redir_token=QUFFLUhqbTRjaFZHTzVuQWtMZFREdG1WdnozSlFCTzJNd3xBQ3Jtc0tsaUo4OVFTSjNTRTFNcUNjcGI0Wm5LS21VbUxwT2dZR1lOV2NHY2h1MVRKMnFObTRyMHlzRjluR3E1MVpseW9QMWJoVzhnZkJ6Y2N0REl4bHVZbkthTDdiN3YwbWlmVzBmSnVTOUt1Z2NLWk9CcTZsYw&q=http%3A%2F%2Fwww.cancerresearchuk.org%2F', 'Facebook': 'https://www.youtube.com/redirect?event=channel_description&redir_token=QUFFLUhqbGIzQVJ4LW9sbGdVaExPc1BHZ0xFSHNxek8xZ3xBQ3Jtc0tsTGVBQU5WUVpkeGNhZWs3SkhidGtKdXZvSTFNenpoUG1yd1dKS3MzWXNNbU5qelpnQXJFM1hEc1FTelRIN1ZteDZqSDFtN25ldVUtVlF4b1c2Vy03Rm5menZFWWo5YmhFWWJoVjc0V1hyRWxrQUI4RQ&q=https%3A%2F%2Fwww.facebook.com%2Fcancerresearchuk%2F', 'Twitter': 'https://www.youtube.com/redirect?event=channel_description&redir_token=QUFFLUhqbWxnZHVXU21kNzhldXZCX1FiczZNelV5N2pQZ3xBQ3Jtc0tuYnVUNG9hNmR0Yng5MXJHRmhvUERzbmU4ekdabmo3Tkh3Z0JQMnVVS0tYLUE1THc3Z2pvZndZSlc4djBjaWF4eFczbnB3VEtzUkxvV011dDR5ZXlmUTBFQW01X2JSeVJ2cXZ3THVhaEpZMEdvTDhWcw&q=http%3A%2F%2Ftwitter.com%2Fcr_uk', 'Instagram': 'https://www.youtube.com/redirect?event=channel_description&redir_token=QUFFLUhqbE8xQUFESGxUb2U2cDFBd191eEZSdFllUWZTZ3xBQ3Jtc0tuRGpNQ2tOajNTVHI0UE5Zd21scHBLd2dTLUtPd05Kd2x5SHFiTGtiMDVPc2RjSk41cHJkUXRDNzg0ZG5ZUHZLc3RfV1VuY3dWdWJEaWRrNzdIbFhsNUhCbVNzcEVnT051UF80VW9YVmZfLV85M0Jvbw&q=http%3A%2F%2Finstagram.com%2Fcr_uk'}"
Overview on Cervical Cancer | Dr. Satinder Kaur (Hindi),https://www.youtube.com/watch?v=mDYtn-V6BgE,Narayana Health,https://www.youtube.com/channel/UCr5mB2bbUrjEKeWNSYqDpdw,"{'Click here to subscribe': 'https://www.youtube.com/user/NarayanaHealth?sub_confirmation=1', 'Facebook': 'https://www.youtube.com/redirect?event=channel_description&redir_token=QUFFLUhqbFpMdWJ5cEFkblRzRWdmTmliT1NVaUJ5X1pUd3xBQ3Jtc0tuNU41cExWTVB1eVNKNXl3QWoyd055WW83NlBGZ3o1YXhmWjNDczl1SnNicUNYdUl0YVZRMkhPQ1VFcFhLVXNTLXFZZFRaR3BfOEZvbXpLV0dHal80c25YWWIwRlJCdEd6V1JIYWp1aGVJT0ZLdjNDTQ&q=https%3A%2F%2Fwww.facebook.com%2FNarayanaHealth', 'Website': 'https://www.youtube.com/redirect?event=channel_description&redir_token=QUFFLUhqbGpxX1VIclQtZGRrMXBvdndpT1lVV211OUUwUXxBQ3Jtc0tsaHQ1QXVCUm1HWWROMWpYd1hLR1ZySzBWWWFvYUZmX1B3Tzd5Wnl0VkdmNFdvSWc0Z3IxcXBJN08tbFBULUtLRjl1ajhLUWV5SGt0UnBhdVpJNGVMWDZ0Sm1UVWkzTWRyajZRdGJHM2F6cElkR3lsaw&q=http%3A%2F%2Fwww.narayanahealth.org', 'Instagram': 'https://www.youtube.com/redirect?event=channel_description&redir_token=QUFFLUhqbXBpeHA4ZTM0RWoxNHhqUXEzeDZEZm9ndlZoUXxBQ3Jtc0tubG5wc0RnRndxN3ZnZXAxWHhMNnk5QmRKR2NWOXlSZzJtX05tbFh1Zk1GV2dWYk1pcU8tMC1tSmlyc1BLT0Y3c3ZpTzFkZXBmRlFhY1JYbkhabnJQdEZPS0djRTJQcUtrNlVDYmJFVEIzekpOSUtkdw&q=https%3A%2F%2Fwww.instagram.com%2Fnarayanahealthindia%2F', 'LinkedIn': 'https://www.youtube.com/redirect?event=channel_description&redir_token=QUFFLUhqa3JSamRKY3Y1NjNPZi1FNWIzTXRndW1BSnFkUXxBQ3Jtc0tsWmZlOFg1d25lN1Bpbzh1OTFlS19TR0p1a3JOVW13a2tzM3drVW1BdW4xa09pUlllTThpbDZ2UUNhSDl3X3k3ak92Ym9jM09FZHFsR3g5eEdPNFVVOEZtdXdsaW5LUXRiTHlwVjM3YVFYZUlIMzZnUQ&q=https%3A%2F%2Fwww.linkedin.com%2Fcompany%2Fnarayanahealth%2F'}"
Why is it so hard to cure cancer? - Kyuson Yun,https://www.youtube.com/watch?v=h2rR77VsF5c,TED-Ed,https://www.youtube.com/channel/UCsooa4yRKGN_zEE8iknghZA,"{'ed.ted.com': 'https://www.youtube.com/redirect?event=channel_description&redir_token=QUFFLUhqazJMYXM2cUpPUFRqRnJ3ZHFVX0pzN2s4ekdPQXxBQ3Jtc0ttVEtYaGZpR21ORVpfdWFqVXc0a0gzWmRnMXBLTS1QSXliTDJOcGlpdVNvYkxfcm94WHZRZ3pJLUlXeFdVbGs5LS0ybUo0SXlFTllpbUZsZHFsa2dqa1VUeU0xNGdpVExDZXMxem5scmVqWUgtQjAzTQ&q=http%3A%2F%2Fed.ted.com', 'Twitter': 'https://www.youtube.com/redirect?event=channel_description&redir_token=QUFFLUhqbFl2b1prYml2M0RVaEJlZnZwVzNrcUIxWE56Z3xBQ3Jtc0ttMlZjS29yYy1xaGo3LVg0czFsV2x3LXVYV2NaNU1Sc2dqNmFRVWVmY3dOMVpzQUpOeEMzeEtNRHY3emU2MENpdHlfRkFrZFltc3JHZndwNEJ5WG01NUd0dm9Ld3M4MDJSUGpxeXZOTXJvaGJNS2U0Zw&q=http%3A%2F%2Fwww.twitter.com%2FTED_Ed', 'Instagram': 'https://www.youtube.com/redirect?event=channel_description&redir_token=QUFFLUhqa256V1JhR3U4ZzR6d1hRMDBucUo0VjJ3TDhsd3xBQ3Jtc0tuSVUtRC1uNE9VczA4ZGpsa1F0X2JDYU9yT1pid0tQaHFPR0xrSFY1ZGhMVzdMSUM5QW1HT1ZkVEhheTE2VjhWSFA3dWp1NUxyVjVGZTFJbkhEUDdtSTl6WlRPZ25pWVh6MjhNc1pRQVJMYUpRVzBLcw&q=https%3A%2F%2Fwww.instagram.com%2Ftededanimation%2F', 'Facebook': 'https://www.youtube.com/redirect?event=channel_description&redir_token=QUFFLUhqbnpPWVE0X3FXZVYxNHA1N3ZXaEN6TDZWS2gzQXxBQ3Jtc0tuWTBRU2xEMEp1em1hZWRLckQtVWlpWUg0emJfcndycjhwcThPaGdieFVKVW0zTEs2ZzZia2Q2NUgwV2k2dTU2NGRTM0UtSlY0MWwzaV9sQklpc1hLTTNaSFllM1MwU2VmcnljVTdQSGlpTEZVZU1jTQ&q=http%3A%2F%2Fwww.facebook.com%2FTEDEducation', 'Recommend an Animator': 'https://www.youtube.com/redirect?event=channel_description&redir_token=QUFFLUhqbE1HRXplZFg0a3FGN2syZVoxV1JzUGNPc3FqUXxBQ3Jtc0trdWdpTFljTUVuWEdDV2lDQjBHZE1hLTc5aDVSTXViLUxFT1RyWDM2NlZlTzllRWNBemk3YTlPWTM1SGpMampwc2h1RTVDRTB5RmdVRGhFXzJ1VTBiT0lpemk5VWNtNHU0RjUwcmF4aUVhaTFtME5nMA&q=http%3A%2F%2Fed.ted.com%2Fget_involved%23%2Frecommend_an_animator', 'Nominate an Educator': 'https://www.youtube.com/redirect?event=channel_description&redir_token=QUFFLUhqbkJJR0JPN3cyampSSWVBOXNCWXB6S1RlZnd5QXxBQ3Jtc0ttWWczbjBKcWVJQTdBOGE4SEZYM2dvMzRFSlJ2dUxPWGw1akFWRlByNG1ERjN3MjFWWWlSMG50X3NBaDFGQ1B1MHRsblBiN0IwTGNHb0Z0LTRpZ0VKeUd4T0lWVFZHaVRyaGU5SmJ5RERUVzV1amZtTQ&q=http%3A%2F%2Fed.ted.com%2Fget_involved%23%2Fnominate_an_educator', 'TED Media Request': 'https://www.youtube.com/redirect?event=channel_description&redir_token=QUFFLUhqbUwwcWpLVEJKWGNOOGh5bjNJaU5wNS1SUU1rUXxBQ3Jtc0tsRWstRTFnNXROTTc1dGlZNWRMb1ZaQ2pqVmRHWmFqc0hBTExnUVptRjlaWTZCemt3VENkbnBTTUlBVTVSZGFadVFLd3ZUbTZoWm1KMU55djhjc0FtSDBhMGU1ZDRuQ240NDBUa1NQSlIwY1lSSXFQYw&q=https%3A%2F%2Fmedia-requests.ted.com%2F'}"
What is cancer? What causes cancer?,https://www.youtube.com/watch?v=WPgJafGz4fg,Nathan Winch - Sciencey Stuff,https://www.youtube.com/channel/UCLfb2CF1U9RLJ-CdqyP9A0A,"{'Winch & Co': 'https://www.youtube.com/redirect?event=channel_description&redir_token=QUFFLUhqa0oxeEpIbkhvSy1aekY0Vm9abXAzS2M5bFJWQXxBQ3Jtc0tuWUplYmVnOUNQdzIwUWtQOXVnci1tYm5iMlZYZUN3SUM0T2R2MmxnWFd1bDBLeXV5bllvUTlNcVptVmN6YnZMOW1SMTdUbDhKT29GWmgzM21Jak1DR2Q0R25ESC0xTElzM3Q1NlFHNDlMVm5ZdWN0OA&q=https%3A%2F%2Fwww.winchandco.com', 'About Me': 'https://www.youtube.com/redirect?event=channel_description&redir_token=QUFFLUhqbTItWWdVM09PampjUHVQV1RkUmVzSUxqY3dwZ3xBQ3Jtc0tuUEZHbU9IM2UxR3Ruc1FpTWk4T1RiOUF4REtobFpnb3dYTFhJYUVVdmpnUEhkSmNvMEhkYzRYdWVpQUd2OWs1VTNINnRGMWJGWl9MY1pNd3JYNkFSajdsTUZFRkxSblVxejNIMHdGeGJ4ZDc5dzdpNA&q=https%3A%2F%2Fwww.nathanwinch.co.uk'}"
Animated Introduction to Cancer Biology (Full Documentary),https://www.youtube.com/watch?v=46Xh7OFkkCE,CancerQuest-EmoryUniversity,https://www.youtube.com/channel/UC4rKKhGL-XkxeDl5LDM06rw,"{'http://www.CancerQuest.org': 'https://www.youtube.com/redirect?event=channel_description&redir_token=QUFFLUhqbVJtQ3VySHUwc3BFZnRGNVlsdHFGbHRYbjdFUXxBQ3Jtc0trdkZHcEVFOWlfRXZMTlNvRGdRakR2RW9PWGVhT0NUNzBCemZOYVFIdGlRSnhDTDlDU2VqN3RxZktkcEFDZW1iWEV6empKMGZSTGZUTzV2VVBOcVEzRkNtZTdXQzZLQ21KZEtfUE9ueVZkRlZacUpFVQ&q=http%3A%2F%2Fwww.CancerQuest.org', 'Facebook': 'https://www.youtube.com/redirect?event=channel_description&redir_token=QUFFLUhqbmFhOC1NNDhNSzlxdGhfTHR1bXBtOFNhdWc5UXxBQ3Jtc0trTTVucGVSNjFGbzRBelV6MUZVcXRabWVCSTlYYzB1QmtrRUR5ZDM2c2gzdmZZdmd6VlNHSnc0ZE0xSkJfbzR4OUxpeTNZLTJvQkVCRUZxVkU1cmhRXzctNDltY2t3d3g1Vm5ac1RLcmRFcFpuc3ZiWQ&q=http%3A%2F%2Fwww.facebook.com%2FCancerQuest', 'Twitter': 'https://www.youtube.com/redirect?event=channel_description&redir_token=QUFFLUhqa3FaS2RUX0x2aXdZTDB2QjBZM18wb1J1VFJRZ3xBQ3Jtc0ttQ2xfdGpzQzZBR042SUplVGUwSHVmMTlHTzlXZ2JFUTFaMGJzX0J2OER4NXh2dThyaGRUYjFUcTJmR2hWcTBYbTFZNEcwbzlPX3lhWXhZV2x1bGJwdW1nT3BUQlpleUo2OXlRWFNTUnRNV0lUUHk0QQ&q=http%3A%2F%2Fwww.twitter.com%2FCancerQuest'}"
Cancer: from a healthy cell to a cancer cell,https://www.youtube.com/watch?v=8LhQllh46yI,Sanofi,https://www.youtube.com/channel/UCP-CyvGQF6BVCfKwXaNvORA,"{'Visit our website': 'https://www.youtube.com/redirect?event=channel_description&redir_token=QUFFLUhqbTUxLTR2ajR2S0FqdEJzS1JFaURQTG1wanJJUXxBQ3Jtc0trRmtmVmswTF9NQnVBWGV2WlA4Vy0wVk9Gc2xGdTFYYUhhLVBEMFNDS0l4T05DbXNiamg4bzRGUWNiMU5nNWFfLWxKeUplTU9WMTJDa3RjUlVLZW9EXzF6anBSZWtMbjZFN29fSGd4dnJDVFM4V2JDWQ&q=https%3A%2F%2Fwww.sanofi.com%2Fen', 'Sanofi Instagram': 'https://www.youtube.com/redirect?event=channel_description&redir_token=QUFFLUhqbWJkaUQtVHdqbUVfUXhIYWZsdXFPdGpGYmh6UXxBQ3Jtc0tsX2tRRnV3R21iZnIwUXlqeGRua0w5cjMzMkhyeUlTSTRHQUc0MElXUDFzYl9XbjR2RDI3UVh6R1Z0WDlLcnlHaHZBbEk3TmZkb0tZaHdBc1p6U2ZOSThadkctbjRCaDBXXzZZOGh4NjZRWm0yb3pybw&q=https%3A%2F%2Fwww.instagram.com%2Fsanofi%2F', 'Sanofi Slideshare': 'https://www.youtube.com/redirect?event=channel_description&redir_token=QUFFLUhqbmZuZVEtVUlXVDZRNlV2dkxjempUdU12WEhQZ3xBQ3Jtc0ttcEFPRHVHR19tNGItSXVOVUppd05yblFMTjJFUEs2dE9jTU44Ty1wQmFOMkhzSWxxdFJaUU5TMTFyYzZZdXpLZzZWbW5Kc0Rzekg4WDZpNWU2TDIzNVBsazJBX0RGYzR6cGZjQXZ0TFU3ZUtycHF4MA&q=http%3A%2F%2Ffr.slideshare.net%2FSanofi%2F', 'Sanofi LinkedIn': 'https://www.youtube.com/redirect?event=channel_description&redir_token=QUFFLUhqbTBOazY1LWFYcmMyQ0lfa1VGRVI1d1lQdVpjZ3xBQ3Jtc0tudHZjZWV1UlhRTDBja0NtU2w4UWxGQ2ZKdXk3Q0RZOW01VVJEeXNrd2FMTkZNLTdLSnV0ZElyclNDOXdrRU5GRXFvT1lVdmtBUDhsQkJ4bDB2YkZQYWVjblNzcWdMemZxUnZjRnBhbEdFVDBvbzdJMA&q=http%3A%2F%2Fwww.linkedin.com%2Fcompany%2F1642', 'Sanofi Twitter': 'https://www.youtube.com/redirect?event=channel_description&redir_token=QUFFLUhqa0tuS3d6MG1BdGZpUUZHUGF6Z3dzRktXcVFLUXxBQ3Jtc0tsWGZZRlhKdjZTa2RTeDRha0tibjZFbkdNTVlOOEp1QS1zdXpCd0R0eFpLU0x2R3dQV3lGcTM1THdQSUw1bzBTUURpT0phWGowLTVSSXVzM1Bna3BwR1hJZURuaDdyYUhiODlKS3NFa0paWG5XLVdmYw&q=https%3A%2F%2Ftwitter.com%2FSanofi', 'Legal Notice': 'https://www.youtube.com/redirect?event=channel_description&redir_token=QUFFLUhqbFpOYWltaUdRSnpJYlBTRnFzQldjNC01eVFod3xBQ3Jtc0ttdXRJSEJsUlRZT1p3ZmVTWmRMOHdYMDAtaGVucEd3NFJ3SWFLbEVxRGo4cGhiS09iMFVtMFJjZS10dWtrbnFHTXVJQWVZemJSQWpDM2xxUGpXZkxFeExfTFgtemhvOTVCY05tWTc4c1k2dUtqQlJjSQ&q=https%3A%2F%2Fwww.sanofi.com%2Fen%2Flegal-notice'}"
Cancer cell formation,https://www.youtube.com/watch?v=BADXO2Tezhk,Shomu's Biology,https://www.youtube.com/channel/UCEPMCywJ6FPZpQ_aPEZt5JA,"{'Website link': 'https://www.youtube.com/redirect?event=channel_description&redir_token=QUFFLUhqa2MxVkllU2FXZmZMdC10NUxvaGNDX3drYk1wQXxBQ3Jtc0tsSldQa2RrV1phWmNCdnlGUXRtb3lvUGwtRGNlNGtibjJUaXJHMGtVSFNjLUJsNlRrblprU0hTTElySFY4cUdkYWtMTHRuV3hxQS0xSFVEVjZMa2R6eDBoSlRMM1pjMXgzVS11d3hwSzNPTldTeXAzbw&q=http%3A%2F%2Fshomusbiology.weebly.com%2F', 'Get Lecture DVD set': 'https://www.youtube.com/redirect?event=channel_description&redir_token=QUFFLUhqbFpMTXU4cTJuNEFTSXZ2bFB5dEtXdklZMG5CQXxBQ3Jtc0trUzhSV0RZZkZ0ZnRMLW9KUXNMX3J1R0hkajJ5Sk1MbnFWeklJR1hqTUM4LWpMV3JLQVVoMm9DYXhFM0JKTnJqUkdicmdueENuUDZUdndOYkE1STh6ODNXRE5BNHdhRG5tSWlmLUhRdWdzcTcwZlZUbw&q=http%3A%2F%2Fshomusbiology.weebly.com%2Fdvd-store.html', 'Organized video link here': 'https://www.youtube.com/redirect?event=channel_description&redir_token=QUFFLUhqblpiNFB6dGM1MHlFSFRQNk1pT0JxN0p0OEVXd3xBQ3Jtc0tuNkhPTnlpV3g4YlJic29feXRpNDlQcXNKZFM1S3E1Ym9HbkJRaTA3am5OeG01Ul94QkVpSGZ3UU80OU5JVmxOa002cVY1cGlCcmZ1ZlBiSDVrZ2F4YUhSZGxGTDFDaGZIcEZ6b0xSQlU0M3p0cVpXOA&q=http%3A%2F%2Fshomusbiology.weebly.com%2Forganized-video-list.html'}"
Cancer Treatment: IMRT (Radiation Therapy),https://www.youtube.com/watch?v=_moypMx05Fw,Nucleus Medical Media,https://www.youtube.com/channel/UC85VW73bQLEjs_taFKP7TwQ,"{'Nucleus Medical Media': 'https://www.youtube.com/redirect?event=channel_description&redir_token=QUFFLUhqbVVhZ3ZPT1dGUlFfekx0bWNIWGJCOERNYThKUXxBQ3Jtc0tuTWRBQ1N2RmdKb3FWXzFOZlFObV9vcXR1ODB5SFFrM3llTkFKWWR6XzlPQmtSUV9CZUxUN3BKYzRJY0YxOEdPenRBa2J5Qm9WbV9pcW9rdFZmeUp6WGZzQXRqNVh2NGpCcUVTSFM4WGZtYzhYVkhyVQ&q=http%3A%2F%2Fwww.nucleusmedicalmedia.com%2F%3Futm_source%3Dyoutube%26utm_medium%3Dchannel-description%26utm_campaign%3Dyt-about', 'Facebook': 'https://www.youtube.com/redirect?event=channel_description&redir_token=QUFFLUhqa3p3ZTBmNmVtTko0c0FJaFFnOW5fc2lQeHlWQXxBQ3Jtc0trOTdhd1c3dF85WjZEeFAzZUtDQk5xVVIzZHhnYlAxSFlVeGltbXFNSXAzZGxrMm0xY2cyUExRNEFZLVE3TnU0Z3pQZlNPRTdzX0tvdk85d1Q3b0NieVdLbzVUc1lqS2VFb2ltMktuU2ZReUlrdXVGUQ&q=https%3A%2F%2Fwww.facebook.com%2FNucleusMedicalMedia', 'Nucleus Blog': 'https://www.youtube.com/redirect?event=channel_description&redir_token=QUFFLUhqa3JuUGpkNmFxbTE2bXREOVZrMFR1Z01HWWY0Z3xBQ3Jtc0tsT012QU00a2Z2cjZnd1FMSWxzTWo3S2p4QjUwLUhRSUd6c29MelZkTGpMS3AwVC02YS1GU1lpcXN1Z3RGNXQ5eENJQnZicHNlc1kxRTNBMnNaZm5HYXNiSFdvUDdYZDNFVFVDcFFvd3A1QWVURjM4cw&q=http%3A%2F%2Fblog.nucleushealth.com%2F', 'Twitter': 'https://www.youtube.com/redirect?event=channel_description&redir_token=QUFFLUhqbnkzQ2EtOVIwYTNCWVdpYjN2Ri1kbzh0cUVyd3xBQ3Jtc0tuMWJySWNDeUwwQkwycG8weTZqeXpSbWloNlVBU04wRnYxc3BjWmN2cHlsLWdsVUZkbUhxZUh1Sm1xRzVkX1lUbE1KVm9tQVhUXzNzaU5UQmNwRmtnNHdBUkg3V3p1ZzZObjNwVXNRLS1pZmQ5dDFEbw&q=https%3A%2F%2Ftwitter.com%2FNucleusMedArt', 'Nucleus Health': 'https://www.youtube.com/redirect?event=channel_description&redir_token=QUFFLUhqbTlMczJMT0oyLWx3WmF5aXhyUl9iZEdlc3FuQXxBQ3Jtc0ttZWdMc2h0MVR4elNGNl9iMEFNRk54MTZDYUxGNVVvVFdQRldwYlZlQ2lPU1F6XzAxTkw5RG50UWRjb0wxdXhJX0JlNGh6RlJUNXRtcThMdEVxYzY4Vko1dGVfbmliS2JwMkNXQzZVeC1XcFk0SGpOSQ&q=http%3A%2F%2Fwww.nucleushealth.com%2F%3Futm_source%3Dyoutube%26utm_medium%3Dchannel-description%26utm_campaign%3Dyt-about'}"
"How Cancer Spreads (Metastasis) - Michael Henry, PhD",https://www.youtube.com/watch?v=Tc1CO9D_kMs,University of Iowa Health Care,https://www.youtube.com/channel/UC5nxGCdHq_K42l-2XABnRdg,"{'uihealthcare.org': 'https://www.youtube.com/redirect?event=channel_description&redir_token=QUFFLUhqbUFLUnFLSFpjaTd1bFFlVGxXQkRqRXQ2Y2FwZ3xBQ3Jtc0trQVZWSHMyelVsM3BnNWxRWGFCVk45QlNhTXlFWFphRVV1QVdQdkVGMkRPdE9UT0FYXzlORUpqM1M3Q2F5VVlfak1DNk01aVNBV3BXTXhfb1h6Z3JyM2ltT21CckNDTG85Z1NrakN5Z0ZUaF9URGFMcw&q=http%3A%2F%2Fwww.uihealthcare.org%2F', 'Facebook': 'https://www.youtube.com/redirect?event=channel_description&redir_token=QUFFLUhqbmdWc0haa1RNblpCU000WmRpNWVsNDVYd0w0UXxBQ3Jtc0trVUlJNEFWNFJ5WUw0NGtrVU80bnEwd3ZFb09VUTd3UkdSY1FmWHpXeFE5SUhUZS1HMUpIZG9iTDlZX3c1OGhVYzR5YW9RbXprbG5Mc2FyWjFWeEFRemlrQkNXLVJySXZKOVlvTldNdHJHaHk0Wm5ZNA&q=https%3A%2F%2Fwww.facebook.com%2Fuihealthcare', 'Twitter': 'https://www.youtube.com/redirect?event=channel_description&redir_token=QUFFLUhqbGJybGVadHJYZkFEaWFpbldabk1TQmk4aGNlQXxBQ3Jtc0ttS0FGWmpCckNsVGYwWW1qbi1HaW1lc3dnQjk1VGNqblZjQXNyRE94a3R0bUtjbzROaHVkc2kydks4ZEJOeUM5LUJhVGo2MjBuVEVldUJDckRHdXo3UTctMExhU1Z0bEZpTnhRNHFLVzBUTkU0a0tJWQ&q=https%3A%2F%2Ftwitter.com%2Fuihealthcare', 'Instagram': 'https://www.youtube.com/redirect?event=channel_description&redir_token=QUFFLUhqbGdfY3RWakN6b0s3bHoyZS1VcGRRTVdWNjk4QXxBQ3Jtc0tuWEVibUFMTnNwTWV0R05FQk1iOEdQMHlXbVo3SnFTYmNfS3VzTGVJNkg4VnZ4QTJOVjRaMEwzaV9Ed3h3R2o1TzlJeDlhYnM2V1A0NHA4MW9wd0xscUR0WWNVQzYzQUNZQldqS0VhdExTaHk0NWI4UQ&q=https%3A%2F%2Finstagram.com%2Fuihealthcare'}"
What Causes Cancer? Cancer Mutations and Random DNA Copying Errors,https://www.youtube.com/watch?v=R4rxlRsNcs8,Johns Hopkins Medicine,https://www.youtube.com/channel/UCATNzbTbfeoMhNonZGZmrhA,"{'HopkinsMedicine.org': 'https://www.youtube.com/redirect?event=channel_description&redir_token=QUFFLUhqa1lDcENiMm1NOWZNMVM5c0xvMTBxVWdlZTVDUXxBQ3Jtc0tudURybFlLdWlJWDRqWkZWdUhLSUEtS2pETXNWT29yX21rYU1leVhXTHVmVkZIeEtzZUdTc0VrUmo4VnY0aldoanhSY05Ia0dFS0M1X3Z2MTh6cjdPLXQ2YVJhdVRKRXJoX0w5aS1nMXRialh6NmZJMA&q=https%3A%2F%2Fwww.hopkinsmedicine.org%2F', 'Facebook': 'https://www.youtube.com/redirect?event=channel_description&redir_token=QUFFLUhqa3BLTWtESlYyZHF4WERiNDlRb21GcjVJTEFIZ3xBQ3Jtc0ttaE9fYUxhMGlmLXBwR1lxRU5rUW14Z3NRYVBSZHRWaEVoeUI3dENzRW9YVmhlLXJfYWVSbzNOYlYtSXRvb2FrbEVmXzkydjVNLTUxazIyM0k5ejFLZFJKeXBFVmo4VmhubFVzdWxOQ2NIeGFVTzc3Yw&q=https%3A%2F%2Fwww.facebook.com%2FJohns.Hopkins.Medicine', 'Twitter': 'https://www.youtube.com/redirect?event=channel_description&redir_token=QUFFLUhqa0dOdHB6QUtGYlJvb0pubmw2aFlmZVlmS3lVQXxBQ3Jtc0trbEJHc0Fid3c5VXBqRW9vM0FGRWt0MWx4Sk82T1pqSHFYbUY1UDU0MWcyQ2xHaWRJZVl2SXBHN2JKd0VqV19PU0FRN2gwVG1TazVFd3hLal9RTVFjNzlwMmRQMUczMHZ4NkN0djB5aXl4WmtjWl9WVQ&q=https%3A%2F%2Ftwitter.com%2FHopkinsMedicine', 'Instagram': 'https://www.youtube.com/redirect?event=channel_description&redir_token=QUFFLUhqbS1nbmZ4b3U5bEtuTDNVUEYtRTRyencwRlJJQXxBQ3Jtc0tsWWxfUHg1Y2ZnOEFjRThmV20wVi10M2Rxck0yeDY3SzN0V1BTbkQ5UVI5dGtfRnNxQ01FVEdMNk9BRGZkZ3FYMlRBRnRfaFowTjlIU1hxV0ZNUHZ4cnRNVkYyMTkwLUFwSFpBclJFeVdhVm1WdGFRaw&q=https%3A%2F%2Fwww.instagram.com%2Fhopkinsmedicine', 'Weibo': 'https://www.youtube.com/redirect?event=channel_description&redir_token=QUFFLUhqbjB5akloRkR4WjBieGRFcXMyTEpKYWllTDdmd3xBQ3Jtc0trZk40RlVsQllfMW9FT3VKNkFOcWQ5YWR5Nzl1Z3oxXzlVWk0yOG94VDlFb1NsQWo0b0dSNEEzNlVJb05QYlVqLXNXTFdSXzB5OEtsaWwxb0pJU2xhRW82dUxXTG12d3o0R2V2X3FtUVZ2Wi1VMGlUMA&q=https%3A%2F%2Fwww.weibo.com%2Fhopkinsmedicine', 'Linkedin': 'https://www.youtube.com/redirect?event=channel_description&redir_token=QUFFLUhqa2xjWmdiU3NLdUN4N1ZGZDMyRlB4WWRTaTJiQXxBQ3Jtc0tsOEYwOGJGWUlYbHhlX2VoZmp2TDR6WTBUUWNzUW9CanVOcC1IT0ctTC1XQ2dGTVhlckpDUVB6aFNWWF84eVFaMUx1NUg5QXhfQWFTREpsalY0anlsamZLNWtRUlByOWcwbmMtMTZMTURYYkNFLUhqOA&q=https%3A%2F%2Fwww.linkedin.com%2Fcompany%2Fjohns-hopkins-medicine'}"
Robotic Lung Cancer Surgery | Inside the OR,https://www.youtube.com/watch?v=gOw-SP6_6sM,Northwestern Medicine,https://www.youtube.com/channel/UC8hzWaP0JfFJ8a1UjLIl1FA,"{'Northwestern Medicine': 'https://www.youtube.com/redirect?event=channel_description&redir_token=QUFFLUhqbm5TNEQ1aVctU3h1em5vY05NaVctZUZodGxFUXxBQ3Jtc0tuaXdNbHNLaFlwYktYcXZtelNsUEJ5cWtIa2JMMlRUMnpzTkIyQ0ZOcnV4a0lSWUY4NndKM1U1UE9YYkJpVmFNZVB3OTdTQTZUeElXYzhZVTJjWS1vNWJSOXB6OVAzdVdaRC1OelRJQmY4THRaOG1vUQ&q=https%3A%2F%2Fwww.nm.org', 'Facebook': 'https://www.youtube.com/redirect?event=channel_description&redir_token=QUFFLUhqazVadThUQ094VDdva0tUS012ZkFxQVRkazN1d3xBQ3Jtc0trQUF6aHloNWZXWHJ1YlhuSWJiSXc3Q3U2TGZmNW9vZ2dyOG8zUklEU25FMC1aZ09kUm56aGtMNUszR1dMZ0lVWHVOQko0YXFiTEFCUzJOU0EyM3AzWU8zTnVXUXExN2N0WXk5cmJnZ1pKRWcyMktkVQ&q=https%3A%2F%2Fwww.facebook.com%2Fnorthwesternmedicine', 'Twitter': 'https://www.youtube.com/redirect?event=channel_description&redir_token=QUFFLUhqbl9SWVNqVjVoOGRPVWRKMGdfdXhTQUpMX1hmQXxBQ3Jtc0ttOEItUlFNbUx3WFN4V29Xcy1fM29DOHNhYkhUTnItZklWY1NMSzAxMno5LTdjTlZBaEYyREt1ZXFaS2pOUUhObl9pc2tPT0tqeVNnZmR1V2JNd0VDRUphZW5sd0ZzUl9mbnFPVGlBTndFZVlUTkFiZw&q=https%3A%2F%2Fwww.twitter.com%2Fnorthwesternmed', 'NM News Blog': 'https://www.youtube.com/redirect?event=channel_description&redir_token=QUFFLUhqbTBta2RtMjhkSElmSV96OVN0MEY5bGNaaDFPd3xBQ3Jtc0trMGFmZDRqLXhlVjB3YWdRWjBJQndLUXoxMml4cVZkUVpTYWFsLVNPai0wTDhRX0d6cFRfSy1peU1RaV9Zd0dyRWc0bkNyNUh1MTlsallfdW9yZFhyM3lYRXBtYTR4UTJoZEhzWTltNHhxdXJHR3haSQ&q=https%3A%2F%2Fblog.nm.org', 'NM HealthBeat': 'https://www.youtube.com/redirect?event=channel_description&redir_token=QUFFLUhqa2ZJQlpUVWNPaGtzeFQ0T3hyNWRmR3ZnREN3UXxBQ3Jtc0ttUUdJaEd0cWRQUHpUanBqNnFxazlOMlBsSlY4MHh1T3NyTGc5RE00cWpFWDhMdVBQOUVNd19weGZFWHMwdDU2RS11eGJKVE5mblpQUDBfNENxT1plWVRhckJfOGw4SW9wSG1tQmVXOXhMRG1lbFE2bw&q=https%3A%2F%2Fwww.nm.org%2Fhealthbeat'}"
Breast Cancer Surgery (2009),https://www.youtube.com/watch?v=WUoqsBxgXWI,Nucleus Medical Media,https://www.youtube.com/channel/UC85VW73bQLEjs_taFKP7TwQ,"{'Nucleus Medical Media': 'https://www.youtube.com/redirect?event=channel_description&redir_token=QUFFLUhqbW5LMlNLUjllMElwcG9TMUhZTjdoXy1CTE5uUXxBQ3Jtc0tsOGItRTdLVzUwZ094SGlxRVF4d05fYmh5b0RucUVpaEV5R0txTTNyYWN5T0Q4TXBoYVBHaXpZVWo0c05vRDRqTnhuT0lEOWZBTFhicE5hUTdzdFlYTHR2UjZGd0dlamdOSGlkOUl2RHZNNnNqVGVCOA&q=http%3A%2F%2Fwww.nucleusmedicalmedia.com%2F%3Futm_source%3Dyoutube%26utm_medium%3Dchannel-description%26utm_campaign%3Dyt-about', 'Facebook': 'https://www.youtube.com/redirect?event=channel_description&redir_token=QUFFLUhqazJoejlGSTlVakp5bVlNSldqaHpnZUdNTG5Zd3xBQ3Jtc0tsc1NucUZ5ZzNWQ3N1aFV4SWcxYnZiVG1oN2NMWTJTWDNxdUxIaGF1TUZOOXgzSXg3czZFMlFxeTBJQlNpZ1IyZF9zOFhMOS10SkIwN2I4MEVYTDJPUXY4d2d1NHJMUWlsbVFPeFdjZGlQRkdPS2drRQ&q=https%3A%2F%2Fwww.facebook.com%2FNucleusMedicalMedia', 'Nucleus Blog': 'https://www.youtube.com/redirect?event=channel_description&redir_token=QUFFLUhqbjVOS2dxWkcwN0k5VkFHdVZuZmNtMENSQXJyQXxBQ3Jtc0tud0tyaXpXenN2Q1FPamZQR1NkbFktVkVFSjBsZEtERDgtN21vWHc0MHUzOHIyQnVlTTRnUU1OZXBwRVhwdmJfREJkeVByOWFPSGxjMVRXdWRoZ0RwQ3poZVhyUzJ2U2w5ZG05X25Ed1g4bTgxNDRfcw&q=http%3A%2F%2Fblog.nucleushealth.com%2F', 'Twitter': 'https://www.youtube.com/redirect?event=channel_description&redir_token=QUFFLUhqbGg2QkhjTXpGaFBIaG1xY2lfRjdOd3RmN1M5Z3xBQ3Jtc0ttTGV6d1Y5NzFleWFYMk5iNzNLTUFWTUxoVTJEcTVIalN0MmxfNUt2UmhTeXh2YlVjMHByZ3FBS1ZrYXRtOWNnWlJmbXItdDFqa0pFVlpicktWZ2pMNFhIVzRLTEVVNWZwbFVFSTllWGEtVDhjZHZMYw&q=https%3A%2F%2Ftwitter.com%2FNucleusMedArt', 'Nucleus Health': 'https://www.youtube.com/redirect?event=channel_description&redir_token=QUFFLUhqbjNZWXd2TDBKWnBKNU51c3ZMZVRFUXpVZVRrUXxBQ3Jtc0tuNS1TWXZWa1hCQm12cWNaWmFTOUlWY1hxZkV1R2ZmbE9zRmxWOWl5RGxUU0xtdXUycVV5eHJLRXV1RzgtY1pFTjhnRjVCNnhqRnV4TU9XbWJpYkdjODZmOExReG10ZTZkMmM5LV9McFRJQmEyTEpobw&q=http%3A%2F%2Fwww.nucleushealth.com%2F%3Futm_source%3Dyoutube%26utm_medium%3Dchannel-description%26utm_campaign%3Dyt-about'}"
What is blood cancer?,https://www.youtube.com/watch?v=B8nFk5j2hP4,Phospho Biomedical Animation,https://www.youtube.com/channel/UC1XRLzoLZx3BiZkCFYVWSyA,{}
3D Medical Animation - What is Cancer?,https://www.youtube.com/watch?v=LEpTTolebqo,"BioDigital, Inc.",https://www.youtube.com/channel/UCY1dy9uNfVHEkqhi-wvwdLA,{'biodigital.com': 'https://www.youtube.com/redirect?event=channel_description&redir_token=QUFFLUhqbEN6c2owSlJiQTAzSkcwbm1ZU1RlM1hUanppZ3xBQ3Jtc0tuX0dqMHc5ZXNRdnZfcnVRUzN4bTBRZXVnLWlOazUyZ2FGT193aGRaa0g5dVBzMTY4Z3I2bXNGQnlab2hlcWFvSUcwZXNVZUs4TGtuMmp4Zm5ZT1l6ak9fZkkwUEI2N1JuaHFTSDI1cW5hT1hYdV9oUQ&q=http%3A%2F%2Fwww.biodigital.com'}
What is Cancer?,https://www.youtube.com/watch?v=UopUxkeC4Ls,Bozeman Science,https://www.youtube.com/channel/UCEik-U3T6u6JA0XiHLbNbOw,"{'bozemanscience.com': 'https://www.youtube.com/redirect?event=channel_description&redir_token=QUFFLUhqblhrY1dJckc4LW8xZVM5dTdzeF9LQVJFWmx3UXxBQ3Jtc0tuRVFLdDR1WnVCQjlwUU1rSFdLLWc2V2daQmg3WnNvb01HMFdQcHpLNnU3ZGJULTk0TFpIUDFNSWFiblNkUTNmQXRvUUgyNXEtdmViV2psd0k4Smx1NERiallDd2JQRl95bkhhX0RkRktoVmxRZDVvdw&q=http%3A%2F%2Fwww.bozemanscience.com', 'Facebook': 'https://www.youtube.com/redirect?event=channel_description&redir_token=QUFFLUhqbGZZQ09kN2ZHUXE0S09sX204SENoNDk0akJUZ3xBQ3Jtc0tsdjBmeXp6TV95SW5jMGJld25YSGpQeDZPT1dwbXlia0NmUWRzQXl1RUhMQjdjaGpxTWZYTGNuSnhrT0plNTFVNWQ2MjFzcmxPZEVscTdxWTctNnQ1N0NRYlluczNHYmlWQkV5clpxQ3ZrM19ZYUFDOA&q=http%3A%2F%2Fwww.facebook.com%2Fbozemanscience', 'Twitter': 'https://www.youtube.com/redirect?event=channel_description&redir_token=QUFFLUhqbG9uNFdtLWpCZFJhck1aQ2hFRlZyZC03cEdGZ3xBQ3Jtc0trU0RDSFFIQ1BSWUZRWXRQVVJpeVdyTHQzV1RCWmhETzFjNFUyV2gybWtHY3hNYmFWWWFOYWw1UE1DVTZZWlFwdVJiQ2FmZ25OMzNFSjN6NFh5dlpxSTl4OHUwREZhTXExM3Bkd0FPdWF2ZEVEYy1sbw&q=http%3A%2F%2Fwww.twitter.com%2Fpaulandersen', 'Instagram': 'https://www.youtube.com/redirect?event=channel_description&redir_token=QUFFLUhqblIzdEV2ZHptdmZkRW93bGRUNVVua0JoMndIZ3xBQ3Jtc0ttYndpLThYX25PaTRkencwek9rSUNEVm5ma3V5VGs1dVNNRDBHRkt3ZVExdTlTRDRpOHhuZTY4dk9HWGt5Z2ExX0RDRkEwQjdpX2prNVQ0Nm5MTktiUGNZVG9ZQS14b0VxYjdlTXB3X1cwT1ROM0RHVQ&q=http%3A%2F%2Finstagram.com%2Fbozemanscience'}"
